﻿<parameters>
  <parameter name="IIS Web Application Name" defaultValue="Vui Vinh Phuc" tags="IisApp">
    <parameterEntry kind="ProviderPath" scope="IisApp" match="^C:\\GitHub\\TNVCMS\\TNVCMS\.Web\\obj\\Release\\Package\\PackageTmp$" />
    <parameterEntry kind="ProviderPath" scope="setAcl" match="^C:\\GitHub\\TNVCMS\\TNVCMS\.Web\\obj\\Release\\Package\\PackageTmp$" />
  </parameter>
  <parameter name="DefaultConnection-Web.config Connection String" defaultValue="Data Source=AD-MNAGER\SQLEXPRESS;initial catalog=TNVCMS;user id=sa;password=12345a@">
    <parameterEntry kind="XmlFile" scope="C:\\GitHub\\TNVCMS\\TNVCMS\.Web\\obj\\Release\\Package\\PackageTmp\\Web\.config$" match="/configuration/connectionStrings/add[@name='DefaultConnection']/@connectionString" />
  </parameter>
  <parameter name="TNVCMSEntities-Web.config Connection String" defaultValue="metadata=res://*/Model.TNVCMSDataModel.csdl|res://*/Model.TNVCMSDataModel.ssdl|res://*/Model.TNVCMSDataModel.msl;provider=System.Data.SqlClient;provider connection string=&quot;data source=AD-MNAGER\SQLEXPRESS;initial catalog=TNVCMS;user id=sa;password=12345a@;multipleactiveresultsets=True;application name=EntityFramework&quot;">
    <parameterEntry kind="XmlFile" scope="C:\\GitHub\\TNVCMS\\TNVCMS\.Web\\obj\\Release\\Package\\PackageTmp\\Web\.config$" match="/configuration/connectionStrings/add[@name='TNVCMSEntities']/@connectionString" />
  </parameter>
</parameters>